Workbook

Sheet Stok
A1: 📦 STOK TAKİP PANELİ
A5: ÜRÜN ADI | B5: BAŞLANGIÇ STOK | C5: STOK GİRİŞİ (Otomatik) | D5: SİPARİŞ EDİLEN (Otomatik) | E5: HEDİYE EDİLEN (Otomatik) | F5: KALAN STOK | G5: DURUM | I5: ÜRÜN SAYISI
A6: NX GASTRO | B6: 211 | C6: =IF($A6="","",SUMIF('Stok Giriş'!$B$3:$B$202,$A6,'Stok Giriş'!$C$3:$C$202)) -> 0 | D6: =IF($A6="","",SUMPRODUCT((Sipariş!$D$2:$AA$2=$A6)*Sipariş!$D$3:$AA$302)) -> 23 | E6: =IF($A6="","",SUMPRODUCT((Hediyelikler!$C$2:$Z$2=$A6)*Hediyelikler!$C$3:$Z$302)) -> 0 | F6: =IF($A6="","",N($B6)+$C6-$D6-$E6) -> 188 | G6: =IF($A6="","",IF($F6<=0,"TÜKENDİ",IF($F6<20,"KRİTİK","YETERLİ"))) -> YETERLİ | I6: =COUNTA($A$6:$A$55) -> 19
A7: NX B-KOMPLEKS | B7: 48 | C7: =IF($A7="","",SUMIF('Stok Giriş'!$B$3:$B$202,$A7,'Stok Giriş'!$C$3:$C$202)) -> 0 | D7: =IF($A7="","",SUMPRODUCT((Sipariş!$D$2:$AA$2=$A7)*Sipariş!$D$3:$AA$302)) -> 0 | E7: =IF($A7="","",SUMPRODUCT((Hediyelikler!$C$2:$Z$2=$A7)*Hediyelikler!$C$3:$Z$302)) -> 0 | F7: =IF($A7="","",N($B7)+$C7-$D7-$E7) -> 48 | G7: =IF($A7="","",IF($F7<=0,"TÜKENDİ",IF($F7<20,"KRİTİK","YETERLİ"))) -> YETERLİ
A8: NX KLOROFİL | B8: 555 | C8: =IF($A8="","",SUMIF('Stok Giriş'!$B$3:$B$202,$A8,'Stok Giriş'!$C$3:$C$202)) -> 0 | D8: =IF($A8="","",SUMPRODUCT((Sipariş!$D$2:$AA$2=$A8)*Sipariş!$D$3:$AA$302)) -> 27 | E8: =IF($A8="","",SUMPRODUCT((Hediyelikler!$C$2:$Z$2=$A8)*Hediyelikler!$C$3:$Z$302)) -> 14 | F8: =IF($A8="","",N($B8)+$C8-$D8-$E8) -> 514 | G8: =IF($A8="","",IF($F8<=0,"TÜKENDİ",IF($F8<20,"KRİTİK","YETERLİ"))) -> YETERLİ | I8: TOPLAM KALAN
A9: NX MAGNEZYUM | B9: 1970 | C9: =IF($A9="","",SUMIF('Stok Giriş'!$B$3:$B$202,$A9,'Stok Giriş'!$C$3:$C$202)) -> 0 | D9: =IF($A9="","",SUMPRODUCT((Sipariş!$D$2:$AA$2=$A9)*Sipariş!$D$3:$AA$302)) -> 39 | E9: =IF($A9="","",SUMPRODUCT((Hediyelikler!$C$2:$Z$2=$A9)*Hediyelikler!$C$3:$Z$302)) -> 4 | F9: =IF($A9="","",N($B9)+$C9-$D9-$E9) -> 1927 | G9: =IF($A9="","",IF($F9<=0,"TÜKENDİ",IF($F9<20,"KRİTİK","YETERLİ"))) -> YETERLİ | I9: =SUMIF($F$6:$F$55,">0") -> 11140
A10: NX KALSİYUM | B10: 94 | C10: =IF($A10="","",SUMIF('Stok Giriş'!$B$3:$B$202,$A10,'Stok Giriş'!$C$3:$C$202)) -> 0 | D10: =IF($A10="","",SUMPRODUCT((Sipariş!$D$2:$AA$2=$A10)*Sipariş!$D$3:$AA$302)) -> 17 | E10: =IF($A10="","",SUMPRODUCT((Hediyelikler!$C$2:$Z$2=$A10)*Hediyelikler!$C$3:$Z$302)) -> 0 | F10: =IF($A10="","",N($B10)+$C10-$D10-$E10) -> 77 | G10: =IF($A10="","",IF($F10<=0,"TÜKENDİ",IF($F10<20,"KRİTİK","YETERLİ"))) -> YETERLİ
A11: NX ANTİOKSİDAN | B11: 178 | C11: =IF($A11="","",SUMIF('Stok Giriş'!$B$3:$B$202,$A11,'Stok Giriş'!$C$3:$C$202)) -> 0 | D11: =IF($A11="","",SUMPRODUCT((Sipariş!$D$2:$AA$2=$A11)*Sipariş!$D$3:$AA$302)) -> 0 | E11: =IF($A11="","",SUMPRODUCT((Hediyelikler!$C$2:$Z$2=$A11)*Hediyelikler!$C$3:$Z$302)) -> 0 | F11: =IF($A11="","",N($B11)+$C11-$D11-$E11) -> 178 | G11: =IF($A11="","",IF($F11<=0,"TÜKENDİ",IF($F11<20,"KRİTİK","YETERLİ"))) -> YETERLİ | I11: KRİTİK
A12: NX FLORA | B12: 225 | C12: =IF($A12="","",SUMIF('Stok Giriş'!$B$3:$B$202,$A12,'Stok Giriş'!$C$3:$C$202)) -> 0 | D12: =IF($A12="","",SUMPRODUCT((Sipariş!$D$2:$AA$2=$A12)*Sipariş!$D$3:$AA$302)) -> 26 | E12: =IF($A12="","",SUMPRODUCT((Hediyelikler!$C$2:$Z$2=$A12)*Hediyelikler!$C$3:$Z$302)) -> 0 | F12: =IF($A12="","",N($B12)+$C12-$D12-$E12) -> 199 | G12: =IF($A12="","",IF($F12<=0,"TÜKENDİ",IF($F12<20,"KRİTİK","YETERLİ"))) -> YETERLİ | I12: =COUNTIF($G$6:$G$55,"KRİTİK") -> 2
A13: NX OMEGA | B13: 249 | C13: =IF($A13="","",SUMIF('Stok Giriş'!$B$3:$B$202,$A13,'Stok Giriş'!$C$3:$C$202)) -> 0 | D13: =IF($A13="","",SUMPRODUCT((Sipariş!$D$2:$AA$2=$A13)*Sipariş!$D$3:$AA$302)) -> 0 | E13: =IF($A13="","",SUMPRODUCT((Hediyelikler!$C$2:$Z$2=$A13)*Hediyelikler!$C$3:$Z$302)) -> 0 | F13: =IF($A13="","",N($B13)+$C13-$D13-$E13) -> 249 | G13: =IF($A13="","",IF($F13<=0,"TÜKENDİ",IF($F13<20,"KRİTİK","YETERLİ"))) -> YETERLİ
A14: NX MULTİVİTAMİN | B14: 205 | C14: =IF($A14="","",SUMIF('Stok Giriş'!$B$3:$B$202,$A14,'Stok Giriş'!$C$3:$C$202)) -> 0 | D14: =IF($A14="","",SUMPRODUCT((Sipariş!$D$2:$AA$2=$A14)*Sipariş!$D$3:$AA$302)) -> 30 | E14: =IF($A14="","",SUMPRODUCT((Hediyelikler!$C$2:$Z$2=$A14)*Hediyelikler!$C$3:$Z$302)) -> 9 | F14: =IF($A14="","",N($B14)+$C14-$D14-$E14) -> 166 | G14: =IF($A14="","",IF($F14<=0,"TÜKENDİ",IF($F14<20,"KRİTİK","YETERLİ"))) -> YETERLİ | I14: TÜKENDİ
A15: NX KALSİYUM KREM | B15: 2231 | C15: =IF($A15="","",SUMIF('Stok Giriş'!$B$3:$B$202,$A15,'Stok Giriş'!$C$3:$C$202)) -> 0 | D15: =IF($A15="","",SUMPRODUCT((Sipariş!$D$2:$AA$2=$A15)*Sipariş!$D$3:$AA$302)) -> 27 | E15: =IF($A15="","",SUMPRODUCT((Hediyelikler!$C$2:$Z$2=$A15)*Hediyelikler!$C$3:$Z$302)) -> 0 | F15: =IF($A15="","",N($B15)+$C15-$D15-$E15) -> 2204 | G15: =IF($A15="","",IF($F15<=0,"TÜKENDİ",IF($F15<20,"KRİTİK","YETERLİ"))) -> YETERLİ | I15: =COUNTIF($G$6:$G$55,"TÜKENDİ") -> 2
A16: NX BAKIM KREMİ | B16: 187 | C16: =IF($A16="","",SUMIF('Stok Giriş'!$B$3:$B$202,$A16,'Stok Giriş'!$C$3:$C$202)) -> 0 | D16: =IF($A16="","",SUMPRODUCT((Sipariş!$D$2:$AA$2=$A16)*Sipariş!$D$3:$AA$302)) -> 57 | E16: =IF($A16="","",SUMPRODUCT((Hediyelikler!$C$2:$Z$2=$A16)*Hediyelikler!$C$3:$Z$302)) -> 0 | F16: =IF($A16="","",N($B16)+$C16-$D16-$E16) -> 130 | G16: =IF($A16="","",IF($F16<=0,"TÜKENDİ",IF($F16<20,"KRİTİK","YETERLİ"))) -> YETERLİ
A17: NX DENGE | B17: 299 | C17: =IF($A17="","",SUMIF('Stok Giriş'!$B$3:$B$202,$A17,'Stok Giriş'!$C$3:$C$202)) -> 0 | D17: =IF($A17="","",SUMPRODUCT((Sipariş!$D$2:$AA$2=$A17)*Sipariş!$D$3:$AA$302)) -> 30 | E17: =IF($A17="","",SUMPRODUCT((Hediyelikler!$C$2:$Z$2=$A17)*Hediyelikler!$C$3:$Z$302)) -> 0 | F17: =IF($A17="","",N($B17)+$C17-$D17-$E17) -> 269 | G17: =IF($A17="","",IF($F17<=0,"TÜKENDİ",IF($F17<20,"KRİTİK","YETERLİ"))) -> YETERLİ
A18: NX NEMLENDİRİCİ | B18: 2055 | C18: =IF($A18="","",SUMIF('Stok Giriş'!$B$3:$B$202,$A18,'Stok Giriş'!$C$3:$C$202)) -> 0 | D18: =IF($A18="","",SUMPRODUCT((Sipariş!$D$2:$AA$2=$A18)*Sipariş!$D$3:$AA$302)) -> 27 | E18: =IF($A18="","",SUMPRODUCT((Hediyelikler!$C$2:$Z$2=$A18)*Hediyelikler!$C$3:$Z$302)) -> 11 | F18: =IF($A18="","",N($B18)+$C18-$D18-$E18) -> 2017 | G18: =IF($A18="","",IF($F18<=0,"TÜKENDİ",IF($F18<20,"KRİTİK","YETERLİ"))) -> YETERLİ
A19: NX GÜNEŞ KREMİ | B19: 49 | C19: =IF($A19="","",SUMIF('Stok Giriş'!$B$3:$B$202,$A19,'Stok Giriş'!$C$3:$C$202)) -> 0 | D19: =IF($A19="","",SUMPRODUCT((Sipariş!$D$2:$AA$2=$A19)*Sipariş!$D$3:$AA$302)) -> 40 | E19: =IF($A19="","",SUMPRODUCT((Hediyelikler!$C$2:$Z$2=$A19)*Hediyelikler!$C$3:$Z$302)) -> 9 | F19: =IF($A19="","",N($B19)+$C19-$D19-$E19) -> 0 | G19: =IF($A19="","",IF($F19<=0,"TÜKENDİ",IF($F19<20,"KRİTİK","YETERLİ"))) -> TÜKENDİ
A20: NX DİŞ MACUNU | B20: 69 | C20: =IF($A20="","",SUMIF('Stok Giriş'!$B$3:$B$202,$A20,'Stok Giriş'!$C$3:$C$202)) -> 0 | D20: =IF($A20="","",SUMPRODUCT((Sipariş!$D$2:$AA$2=$A20)*Sipariş!$D$3:$AA$302)) -> 61 | E20: =IF($A20="","",SUMPRODUCT((Hediyelikler!$C$2:$Z$2=$A20)*Hediyelikler!$C$3:$Z$302)) -> 8 | F20: =IF($A20="","",N($B20)+$C20-$D20-$E20) -> 0 | G20: =IF($A20="","",IF($F20<=0,"TÜKENDİ",IF($F20<20,"KRİTİK","YETERLİ"))) -> TÜKENDİ
A21: NX ŞAMPUAN | B21: 22 | C21: =IF($A21="","",SUMIF('Stok Giriş'!$B$3:$B$202,$A21,'Stok Giriş'!$C$3:$C$202)) -> 0 | D21: =IF($A21="","",SUMPRODUCT((Sipariş!$D$2:$AA$2=$A21)*Sipariş!$D$3:$AA$302)) -> 17 | E21: =IF($A21="","",SUMPRODUCT((Hediyelikler!$C$2:$Z$2=$A21)*Hediyelikler!$C$3:$Z$302)) -> 1 | F21: =IF($A21="","",N($B21)+$C21-$D21-$E21) -> 4 | G21: =IF($A21="","",IF($F21<=0,"TÜKENDİ",IF($F21<20,"KRİTİK","YETERLİ"))) -> KRİTİK
A22: NX YÜZ KÖPÜĞÜ | B22: 277 | C22: =IF($A22="","",SUMIF('Stok Giriş'!$B$3:$B$202,$A22,'Stok Giriş'!$C$3:$C$202)) -> 0 | D22: =IF($A22="","",SUMPRODUCT((Sipariş!$D$2:$AA$2=$A22)*Sipariş!$D$3:$AA$302)) -> 35 | E22: =IF($A22="","",SUMPRODUCT((Hediyelikler!$C$2:$Z$2=$A22)*Hediyelikler!$C$3:$Z$302)) -> 0 | F22: =IF($A22="","",N($B22)+$C22-$D22-$E22) -> 242 | G22: =IF($A22="","",IF($F22<=0,"TÜKENDİ",IF($F22<20,"KRİTİK","YETERLİ"))) -> YETERLİ
A23: NX DETOKS KAHVE | B23: 22 | C23: =IF($A23="","",SUMIF('Stok Giriş'!$B$3:$B$202,$A23,'Stok Giriş'!$C$3:$C$202)) -> 0 | D23: =IF($A23="","",SUMPRODUCT((Sipariş!$D$2:$AA$2=$A23)*Sipariş!$D$3:$AA$302)) -> 10 | E23: =IF($A23="","",SUMPRODUCT((Hediyelikler!$C$2:$Z$2=$A23)*Hediyelikler!$C$3:$Z$302)) -> 11 | F23: =IF($A23="","",N($B23)+$C23-$D23-$E23) -> 1 | G23: =IF($A23="","",IF($F23<=0,"TÜKENDİ",IF($F23<20,"KRİTİK","YETERLİ"))) -> KRİTİK
A24: NX DETOKS LATTE | B24: 2727 | C24: =IF($A24="","",SUMIF('Stok Giriş'!$B$3:$B$202,$A24,'Stok Giriş'!$C$3:$C$202)) -> 0 | D24: =IF($A24="","",SUMPRODUCT((Sipariş!$D$2:$AA$2=$A24)*Sipariş!$D$3:$AA$302)) -> 0 | E24: =IF($A24="","",SUMPRODUCT((Hediyelikler!$C$2:$Z$2=$A24)*Hediyelikler!$C$3:$Z$302)) -> 0 | F24: =IF($A24="","",N($B24)+$C24-$D24-$E24) -> 2727 | G24: =IF($A24="","",IF($F24<=0,"TÜKENDİ",IF($F24<20,"KRİTİK","YETERLİ"))) -> YETERLİ
C25: =IF($A25="","",SUMIF('Stok Giriş'!$B$3:$B$202,$A25,'Stok Giriş'!$C$3:$C$202)) | D25: =IF($A25="","",SUMPRODUCT((Sipariş!$D$2:$AA$2=$A25)*Sipariş!$D$3:$AA$302)) | E25: =IF($A25="","",SUMPRODUCT((Hediyelikler!$C$2:$Z$2=$A25)*Hediyelikler!$C$3:$Z$302)) | F25: =IF($A25="","",N($B25)+$C25-$D25-$E25) | G25: =IF($A25="","",IF($F25<=0,"TÜKENDİ",IF($F25<20,"KRİTİK","YETERLİ")))
C26: =IF($A26="","",SUMIF('Stok Giriş'!$B$3:$B$202,$A26,'Stok Giriş'!$C$3:$C$202)) | D26: =IF($A26="","",SUMPRODUCT((Sipariş!$D$2:$AA$2=$A26)*Sipariş!$D$3:$AA$302)) | E26: =IF($A26="","",SUMPRODUCT((Hediyelikler!$C$2:$Z$2=$A26)*Hediyelikler!$C$3:$Z$302)) | F26: =IF($A26="","",N($B26)+$C26-$D26-$E26) | G26: =IF($A26="","",IF($F26<=0,"TÜKENDİ",IF($F26<20,"KRİTİK","YETERLİ")))
C27: =IF($A27="","",SUMIF('Stok Giriş'!$B$3:$B$202,$A27,'Stok Giriş'!$C$3:$C$202)) | D27: =IF($A27="","",SUMPRODUCT((Sipariş!$D$2:$AA$2=$A27)*Sipariş!$D$3:$AA$302)) | E27: =IF($A27="","",SUMPRODUCT((Hediyelikler!$C$2:$Z$2=$A27)*Hediyelikler!$C$3:$Z$302)) | F27: =IF($A27="","",N($B27)+$C27-$D27-$E27) | G27: =IF($A27="","",IF($F27<=0,"TÜKENDİ",IF($F27<20,"KRİTİK","YETERLİ")))
C28: =IF($A28="","",SUMIF('Stok Giriş'!$B$3:$B$202,$A28,'Stok Giriş'!$C$3:$C$202)) | D28: =IF($A28="","",SUMPRODUCT((Sipariş!$D$2:$AA$2=$A28)*Sipariş!$D$3:$AA$302)) | E28: =IF($A28="","",SUMPRODUCT((Hediyelikler!$C$2:$Z$2=$A28)*Hediyelikler!$C$3:$Z$302)) | F28: =IF($A28="","",N($B28)+$C28-$D28-$E28) | G28: =IF($A28="","",IF($F28<=0,"TÜKENDİ",IF($F28<20,"KRİTİK","YETERLİ")))
C29: =IF($A29="","",SUMIF('Stok Giriş'!$B$3:$B$202,$A29,'Stok Giriş'!$C$3:$C$202)) | D29: =IF($A29="","",SUMPRODUCT((Sipariş!$D$2:$AA$2=$A29)*Sipariş!$D$3:$AA$302)) | E29: =IF($A29="","",SUMPRODUCT((Hediyelikler!$C$2:$Z$2=$A29)*Hediyelikler!$C$3:$Z$302)) | F29: =IF($A29="","",N($B29)+$C29-$D29-$E29) | G29: =IF($A29="","",IF($F29<=0,"TÜKENDİ",IF($F29<20,"KRİTİK","YETERLİ")))
C30: =IF($A30="","",SUMIF('Stok Giriş'!$B$3:$B$202,$A30,'Stok Giriş'!$C$3:$C$202)) | D30: =IF($A30="","",SUMPRODUCT((Sipariş!$D$2:$AA$2=$A30)*Sipariş!$D$3:$AA$302)) | E30: =IF($A30="","",SUMPRODUCT((Hediyelikler!$C$2:$Z$2=$A30)*Hediyelikler!$C$3:$Z$302)) | F30: =IF($A30="","",N($B30)+$C30-$D30-$E30) | G30: =IF($A30="","",IF($F30<=0,"TÜKENDİ",IF($F30<20,"KRİTİK","YETERLİ")))
C31: =IF($A31="","",SUMIF('Stok Giriş'!$B$3:$B$202,$A31,'Stok Giriş'!$C$3:$C$202)) | D31: =IF($A31="","",SUMPRODUCT((Sipariş!$D$2:$AA$2=$A31)*Sipariş!$D$3:$AA$302)) | E31: =IF($A31="","",SUMPRODUCT((Hediyelikler!$C$2:$Z$2=$A31)*Hediyelikler!$C$3:$Z$302)) | F31: =IF($A31="","",N($B31)+$C31-$D31-$E31) | G31: =IF($A31="","",IF($F31<=0,"TÜKENDİ",IF($F31<20,"KRİTİK","YETERLİ")))
C32: =IF($A32="","",SUMIF('Stok Giriş'!$B$3:$B$202,$A32,'Stok Giriş'!$C$3:$C$202)) | D32: =IF($A32="","",SUMPRODUCT((Sipariş!$D$2:$AA$2=$A32)*Sipariş!$D$3:$AA$302)) | E32: =IF($A32="","",SUMPRODUCT((Hediyelikler!$C$2:$Z$2=$A32)*Hediyelikler!$C$3:$Z$302)) | F32: =IF($A32="","",N($B32)+$C32-$D32-$E32) | G32: =IF($A32="","",IF($F32<=0,"TÜKENDİ",IF($F32<20,"KRİTİK","YETERLİ")))
C33: =IF($A33="","",SUMIF('Stok Giriş'!$B$3:$B$202,$A33,'Stok Giriş'!$C$3:$C$202)) | D33: =IF($A33="","",SUMPRODUCT((Sipariş!$D$2:$AA$2=$A33)*Sipariş!$D$3:$AA$302)) | E33: =IF($A33="","",SUMPRODUCT((Hediyelikler!$C$2:$Z$2=$A33)*Hediyelikler!$C$3:$Z$302)) | F33: =IF($A33="","",N($B33)+$C33-$D33-$E33) | G33: =IF($A33="","",IF($F33<=0,"TÜKENDİ",IF($F33<20,"KRİTİK","YETERLİ")))
C34: =IF($A34="","",SUMIF('Stok Giriş'!$B$3:$B$202,$A34,'Stok Giriş'!$C$3:$C$202)) | D34: =IF($A34="","",SUMPRODUCT((Sipariş!$D$2:$AA$2=$A34)*Sipariş!$D$3:$AA$302)) | E34: =IF($A34="","",SUMPRODUCT((Hediyelikler!$C$2:$Z$2=$A34)*Hediyelikler!$C$3:$Z$302)) | F34: =IF($A34="","",N($B34)+$C34-$D34-$E34) | G34: =IF($A34="","",IF($F34<=0,"TÜKENDİ",IF($F34<20,"KRİTİK","YETERLİ")))
C35: =IF($A35="","",SUMIF('Stok Giriş'!$B$3:$B$202,$A35,'Stok Giriş'!$C$3:$C$202)) | D35: =IF($A35="","",SUMPRODUCT((Sipariş!$D$2:$AA$2=$A35)*Sipariş!$D$3:$AA$302)) | E35: =IF($A35="","",SUMPRODUCT((Hediyelikler!$C$2:$Z$2=$A35)*Hediyelikler!$C$3:$Z$302)) | F35: =IF($A35="","",N($B35)+$C35-$D35-$E35) | G35: =IF($A35="","",IF($F35<=0,"TÜKENDİ",IF($F35<20,"KRİTİK","YETERLİ")))
C36: =IF($A36="","",SUMIF('Stok Giriş'!$B$3:$B$202,$A36,'Stok Giriş'!$C$3:$C$202)) | D36: =IF($A36="","",SUMPRODUCT((Sipariş!$D$2:$AA$2=$A36)*Sipariş!$D$3:$AA$302)) | E36: =IF($A36="","",SUMPRODUCT((Hediyelikler!$C$2:$Z$2=$A36)*Hediyelikler!$C$3:$Z$302)) | F36: =IF($A36="","",N($B36)+$C36-$D36-$E36) | G36: =IF($A36="","",IF($F36<=0,"TÜKENDİ",IF($F36<20,"KRİTİK","YETERLİ")))
... C55: =IF($A55="","",SUMIF('Stok Giriş'!$B$3:$B$202,$A55,'Stok Giriş'!$C$3:$C$202)) | D55: =IF($A55="","",SUMPRODUCT((Sipariş!$D$2:$AA$2=$A55)*Sipariş!$D$3:$AA$302)) | E55: =IF($A55="","",SUMPRODUCT((Hediyelikler!$C$2:$Z$2=$A55)*Hediyelikler!$C$3:$Z$302)) | F55: =IF($A55="","",N($B55)+$C55-$D55-$E55) | G55: =IF($A55="","",IF($F55<=0,"TÜKENDİ",IF($F55<20,"KRİTİK","YETERLİ")))

Sheet Sipariş
A1: 🧾 SİPARİŞ KAYITLARI
A2: VERİLEN KİŞİ AD SOYAD | B2: TESLİM TARİHİ | C2: NEDENİ | D2: NX GASTRO | E2: NX B-KOMPLEKS | F2: NX KLOROFİL | G2: NX MAGNEZYUM | H2: NX KALSİYUM | I2: NX ANTİOKSİDAN | J2: NX FLORA | K2: NX OMEGA | L2: NX MULTİVİTAMİN | M2: NX KALSİYUM KREM | N2: NX BAKIM KREMİ | O2: NX DENGE | P2: NX NEMLENDİRİCİ | Q2: NX GÜNEŞ KREMİ | R2: NX DİŞ MACUNU | S2: NX ŞAMPUAN | T2: NX YÜZ KÖPÜĞÜ | U2: NX DETOKS KAHVE | V2: NX DETOKS LATTE | AB2: TOPLAM
A3: Ahmet Yılmaz | B3: 46238 | C3: SİPARİŞ | O3: 8 | Q3: 14 | S3: 9 | AB3: =IF($A3="","",SUM($D3:$AA3)) -> 31
A4: ZEYNEP DEMİR | B4: 46238 | C4: SİPARİŞ | P4: 14 | R4: 15 | T4: 13 | AB4: =IF($A4="","",SUM($D4:$AA4)) -> 42
A5: MUSTAFA KAYA | B5: 46238 | C5: SİPARİŞ | R5: 8 | S5: 8 | AB5: =IF($A5="","",SUM($D5:$AA5)) -> 16
A6: ELİF ŞAHİN | B6: 46238 | C6: SİPARİŞ | M6: 9 | AB6: =IF($A6="","",SUM($D6:$AA6)) -> 9
A7: MEHMET UÇAR | B7: 46238 | C7: SİPARİŞ | F7: 14 | G7: 10 | H7: 4 | J7: 3 | L7: 13 | M7: 9 | N7: 8 | O7: 11 | AB7: =IF($A7="","",SUM($D7:$AA7)) -> 72
A8: FATMA AYDIN | B8: 46239 | C8: SİPARİŞ | R8: 10 | T8: 13 | AB8: =IF($A8="","",SUM($D8:$AA8)) -> 23
A9: HASAN DOĞAN | B9: 46239 | C9: SİPARİŞ | F9: 3 | G9: 2 | J9: 8 | AB9: =IF($A9="","",SUM($D9:$AA9)) -> 13
A10: MERVE ARSLAN | B10: 46240 | C10: SİPARİŞ | F10: 5 | AB10: =IF($A10="","",SUM($D10:$AA10)) -> 5
A11: OSMAN KURT | B11: 46240 | C11: SİPARİŞ | F11: 3 | G11: 2 | H11: 9 | L11: 13 | AB11: =IF($A11="","",SUM($D11:$AA11)) -> 27
A12: SELİN YILDIZ | B12: 46241 | C12: SİPARİŞ | N12: 15 | AB12: =IF($A12="","",SUM($D12:$AA12)) -> 15
A13: BURAK SEVİM | B13: 46241 | C13: SİPARİŞ | N13: 12 | R13: 11 | T13: 1 | AB13: =IF($A13="","",SUM($D13:$AA13)) -> 24
A14: NURAY KOÇ | B14: 46241 | C14: SİPARİŞ | G14: 10 | Q14: 7 | R14: 8 | AB14: =IF($A14="","",SUM($D14:$AA14)) -> 25
A15: SERKAN AVCI | B15: 46241 | C15: SİPARİŞ | D15: 11 | AB15: =IF($A15="","",SUM($D15:$AA15)) -> 11
A16: PINAR TAŞ | B16: 46241 | C16: SİPARİŞ | N16: 12 | O16: 10 | Q16: 11 | R16: 3 | AB16: =IF($A16="","",SUM($D16:$AA16)) -> 36
A17: KEMAL ERDEM | B17: 46241 | C17: SİPARİŞ | D17: 10 | F17: 1 | G17: 14 | M17: 9 | AB17: =IF($A17="","",SUM($D17:$AA17)) -> 34
A18: Derya Güneş | B18: 46239 | C18: SİPARİŞ | D18: 2 | F18: 1 | G18: 1 | H18: 4 | J18: 15 | L18: 4 | N18: 10 | O18: 1 | P18: 13 | Q18: 8 | R18: 6 | T18: 8 | U18: 10 | AB18: =IF($A18="","",SUM($D18:$AA18)) -> 83
AB19: =IF($A19="","",SUM($D19:$AA19))
AB20: =IF($A20="","",SUM($D20:$AA20))
AB21: =IF($A21="","",SUM($D21:$AA21))
AB22: =IF($A22="","",SUM($D22:$AA22))
AB23: =IF($A23="","",SUM($D23:$AA23))
AB24: =IF($A24="","",SUM($D24:$AA24))
AB25: =IF($A25="","",SUM($D25:$AA25))
AB26: =IF($A26="","",SUM($D26:$AA26))
AB27: =IF($A27="","",SUM($D27:$AA27))
AB28: =IF($A28="","",SUM($D28:$AA28))
AB29: =IF($A29="","",SUM($D29:$AA29))
AB30: =IF($A30="","",SUM($D30:$AA30))
... AB302: =IF($A302="","",SUM($D302:$AA302))

Sheet Hediyelikler
A1: 🎁 HEDİYELİKLER
A2: HEDİYE VERİLEN KİŞİ | B2: TARİH | C2: NX GASTRO | D2: NX B-KOMPLEKS | E2: NX KLOROFİL | F2: NX MAGNEZYUM | G2: NX KALSİYUM | H2: NX ANTİOKSİDAN | I2: NX FLORA | J2: NX OMEGA | K2: NX MULTİVİTAMİN | L2: NX KALSİYUM KREM | M2: NX BAKIM KREMİ | N2: NX DENGE | O2: NX NEMLENDİRİCİ | P2: NX GÜNEŞ KREMİ | Q2: NX DİŞ MACUNU | R2: NX ŞAMPUAN | S2: NX YÜZ KÖPÜĞÜ | T2: NX DETOKS KAHVE | U2: NX DETOKS LATTE | AA2: TOPLAM
A3: Tolga Bulut | B3: 46241 | E3: 14 | F3: 4 | K3: 9 | P3: 4 | AA3: =IF($A3="","",SUM($C3:$Z3)) -> 31
A4: Sevda Akın | B4: 46241 | O4: 11 | P4: 5 | AA4: =IF($A4="","",SUM($C4:$Z4)) -> 16
A5: Tolga Bulut | B5: 46238 | Q5: 8 | R5: 1 | AA5: =IF($A5="","",SUM($C5:$Z5)) -> 9
A6: Onur Balcı | B6: 46241 | T6: 11 | AA6: =IF($A6="","",SUM($C6:$Z6)) -> 11
AA7: =IF($A7="","",SUM($C7:$Z7))
AA8: =IF($A8="","",SUM($C8:$Z8))
AA9: =IF($A9="","",SUM($C9:$Z9))
AA10: =IF($A10="","",SUM($C10:$Z10))
AA11: =IF($A11="","",SUM($C11:$Z11))
AA12: =IF($A12="","",SUM($C12:$Z12))
AA13: =IF($A13="","",SUM($C13:$Z13))
AA14: =IF($A14="","",SUM($C14:$Z14))
AA15: =IF($A15="","",SUM($C15:$Z15))
AA16: =IF($A16="","",SUM($C16:$Z16))
AA17: =IF($A17="","",SUM($C17:$Z17))
AA18: =IF($A18="","",SUM($C18:$Z18))
... AA302: =IF($A302="","",SUM($C302:$Z302))

Sheet Stok Giriş
A1: ➕ STOK GİRİŞİ
A2: TARİH | B2: ÜRÜN ADI | C2: ADET | D2: AÇIKLAMA
